-- phpMyAdmin SQL Dump
-- version 5.2.1
-- https://www.phpmyadmin.net/
--
-- ホスト: 127.0.0.1
-- 生成日時: 2024-03-13 12:41:19
-- サーバのバージョン： 10.4.32-MariaDB
-- PHP のバージョン: 8.2.12

SET SQL_MODE = "NO_AUTO_VALUE_ON_ZERO";
START TRANSACTION;
SET time_zone = "+00:00";


/*!40101 SET @OLD_CHARACTER_SET_CLIENT=@@CHARACTER_SET_CLIENT */;
/*!40101 SET @OLD_CHARACTER_SET_RESULTS=@@CHARACTER_SET_RESULTS */;
/*!40101 SET @OLD_COLLATION_CONNECTION=@@COLLATION_CONNECTION */;
/*!40101 SET NAMES utf8mb4 */;

--
-- データベース: `auto_call_system`
--

-- --------------------------------------------------------

--
-- テーブルの構造 `answers`
--

CREATE TABLE `answers` (
  `id` int(11) NOT NULL,
  `call_id` int(11) NOT NULL,
  `faq_id` int(11) NOT NULL,
  `option_id` int(11) NOT NULL
) ENGINE=InnoDB DEFAULT CHARSET=utf8mb4 COLLATE=utf8mb4_general_ci;

-- --------------------------------------------------------

--
-- テーブルの構造 `areas`
--

CREATE TABLE `areas` (
  `id` int(11) NOT NULL,
  `title` varchar(255) NOT NULL,
  `survey_id` int(11) DEFAULT NULL
) ENGINE=InnoDB DEFAULT CHARSET=utf8mb4 COLLATE=utf8mb4_general_ci;

--
-- テーブルのデータのダンプ `areas`
--

INSERT INTO `areas` (`id`, `title`, `survey_id`) VALUES
(1, '四国', NULL),
(2, '中国', NULL),
(3, '関西', NULL),
(4, '関東&甲信越', NULL),
(5, '東北', NULL),
(6, '九州', NULL),
(7, '中部', NULL),
(8, '関東&中部', NULL),
(9, '中国&九州&沖縄', NULL),
(10, '関東（東京）', NULL),
(11, '北海道', NULL),
(12, '北陸', NULL),
(13, '関東', NULL),
(14, '沖縄', NULL),
(15, '北海道&九州', NULL),
(16, '北陸&中国&九州', NULL),
(17, '中部&北陸', NULL),
(18, '東京&中部&関西', NULL),
(19, '中部&関西', NULL),
(20, '関西&関東', NULL),
(21, '関西&中部&東京', NULL),
(22, '中国&九州&北陸', NULL),
(23, '北海道&関西', NULL),
(24, '東北&九州&四国', NULL),
(25, '中国&四国&九州', NULL),
(26, '中国&関西', NULL),
(27, '東京&関西', NULL),
(28, '中部&東京', NULL),
(29, '090-355', 2);

-- --------------------------------------------------------

--
-- テーブルの構造 `calls`
--

CREATE TABLE `calls` (
  `id` int(11) NOT NULL,
  `reserve_id` int(11) NOT NULL,
  `number` char(13) NOT NULL,
  `status` int(11) NOT NULL,
  `duration` int(11) DEFAULT NULL,
  `time` time DEFAULT NULL
) ENGINE=InnoDB DEFAULT CHARSET=utf8mb4 COLLATE=utf8mb4_general_ci;

-- --------------------------------------------------------

--
-- テーブルの構造 `endings`
--

CREATE TABLE `endings` (
  `id` int(11) NOT NULL,
  `survey_id` int(11) NOT NULL,
  `title` varchar(255) NOT NULL,
  `text` mediumtext DEFAULT NULL,
  `voice_file` varchar(255) DEFAULT NULL
) ENGINE=InnoDB DEFAULT CHARSET=utf8mb4 COLLATE=utf8mb4_general_ci;

--
-- テーブルのデータのダンプ `endings`
--

INSERT INTO `endings` (`id`, `survey_id`, `title`, `text`, `voice_file`) VALUES
(1, 2, '回答終了', '質問は以上となります。\r\nアンケートにご協力いただきまして、誠に ありがとうございました。\r\nどうぞ お電話をお切りください。', 'e1_65f18ab3cca6f.wav'),
(2, 2, '日程調整 連絡', '質問は以上となります。\r\nそれでは、後日、オペレーターより日程調整の連絡が入りますので、ご対応宜しくお願い致します。\r\n\r\n最後までお付き合い頂きまして、誠に ありがとうございました。\r\nどうぞ お電話をお切りください。', 'e2_65f18abf5122b.wav');

-- --------------------------------------------------------

--
-- テーブルの構造 `faqs`
--

CREATE TABLE `faqs` (
  `id` int(11) NOT NULL,
  `survey_id` int(11) NOT NULL,
  `title` varchar(255) NOT NULL,
  `text` mediumtext DEFAULT NULL,
  `order_num` int(11) NOT NULL,
  `voice_file` varchar(255) DEFAULT NULL
) ENGINE=InnoDB DEFAULT CHARSET=utf8mb4 COLLATE=utf8mb4_general_ci;

--
-- テーブルのデータのダンプ `faqs`
--

INSERT INTO `faqs` (`id`, `survey_id`, `title`, `text`, `order_num`, `voice_file`) VALUES
(2, 2, '住宅情報', 'それでは、現在のお住まいについてお尋ねします。\r\n一戸建て持ち家の方は電話機の １を、\r\nアパートやマンション、賃貸住宅の方は ２を、\r\nもう一度お聞きになる方は ０を押して下さい。', 0, 'f2_65f188582e544.wav'),
(3, 2, '光熱費', '今回のおすすめプランの条件にあったご家庭様かどうか光熱費をお尋ねします。\r\n電気代・ガス代を合わせて毎月一万円以上お使いの方は １を…\r\n一万円未満の方は ２を…\r\nもう一度お聞きになる方は、０を押して下さい。', 1, 'f3_65f17597a84e3.wav'),
(7, 2, '年齢情報', 'ご年齢についてお尋ねします。\r\n70歳以上の方は １を…\r\n30歳～69歳までの方は ２を…\r\n29歳以下の方は ３を…\r\nもう一度お聞きになる方は、０を押して下さい。', 2, 'f7_65f18967c3bb4.wav'),
(8, 2, '給湯器情報', '電力プランの把握のためにお使いの給湯器についてお尋ねします。\r\nガス給湯器をご使用の方は １を…\r\nエコキュートをご使用の方は２を…\r\n電気温水器をご使用の方は ３を…\r\n灯油ボイラーなど、その他の給湯器をご使用の方は ４を…\r\nもう一度お聞きになる方は、０を押して下さい。', 3, 'f8_65f189a349fcf.wav'),
(9, 2, '年数情報', '先程お尋ねした、給湯器のご使用年数をお聞かせ下さい。\r\n10年以上ご使用の方は　１を…\r\n10年未満のご使用の方は　２を…\r\nもう一度お聞きになりたい方は０を押して下さい。', 4, 'f9_65f189ecf2746.wav'),
(10, 2, 'PV･SB設置情報', '次に、太陽光発電と蓄電池の導入状況についてお尋ねします。\r\n太陽光発電と蓄電池の両方を導入されている方は １を…\r\n太陽光発電のみ導入されている方は２を…\r\n蓄電池のみ導入されている方は ３を…\r\nどちらも導入されていない方は ４を…\r\nもう一度お聞きになる方は、０を押して下さい。', 5, 'f10_65f18a14ed67d.wav'),
(11, 2, '回答者情報', '今お電話口に出て頂いているかたが\r\nご主人様でしたら　１を・・・\r\n奥様でしたら　２を・・・\r\nもう一度お聞きになりたい方は、０を押して下さい。', 6, 'f11_65f18a5572e38.wav'),
(12, 2, 'エコ案内', '以上の結果をふまえて、現状のご使用状況であれば十分に光熱費の削減が可能なご家庭様となっております。\r\nつきましては、現状よりどのくらい光熱費がお安くなるのか、地域のアドバイザーによる無料シミュレーションをご自宅にて実施いたしております。\r\n無料診断をご希望の方は　１を・・・\r\nそれ以外の方は　２を・・・\r\nもう一度お聞きになりたい方は、０を押して下さい。', 7, 'f12_65f18a88dee0d.wav');

-- --------------------------------------------------------

--
-- テーブルの構造 `favorites`
--

CREATE TABLE `favorites` (
  `id` int(11) NOT NULL,
  `survey_id` int(11) NOT NULL,
  `start` time NOT NULL,
  `end` time NOT NULL,
  `title` varchar(255) NOT NULL,
  `color` char(7) NOT NULL,
  `number_list_id` int(11) DEFAULT NULL
) ENGINE=InnoDB DEFAULT CHARSET=utf8mb4 COLLATE=utf8mb4_general_ci;

--
-- テーブルのデータのダンプ `favorites`
--

INSERT INTO `favorites` (`id`, `survey_id`, `start`, `end`, `title`, `color`, `number_list_id`) VALUES
(2, 2, '17:00:00', '21:00:00', '予約パターン１', '#DCF2F1', NULL);

-- --------------------------------------------------------

--
-- テーブルの構造 `favorites_areas`
--

CREATE TABLE `favorites_areas` (
  `id` int(11) NOT NULL,
  `favorite_id` int(11) NOT NULL,
  `area_id` int(11) NOT NULL
) ENGINE=InnoDB DEFAULT CHARSET=utf8mb4 COLLATE=utf8mb4_general_ci;

--
-- テーブルのデータのダンプ `favorites_areas`
--

INSERT INTO `favorites_areas` (`id`, `favorite_id`, `area_id`) VALUES
(2, 2, 1);

-- --------------------------------------------------------

--
-- テーブルの構造 `gen_reserve_log`
--

CREATE TABLE `gen_reserve_log` (
  `id` int(11) NOT NULL,
  `reserve_id` int(11) DEFAULT NULL,
  `status` int(11) NOT NULL,
  `message` varchar(255) DEFAULT NULL,
  `created_at` datetime DEFAULT current_timestamp()
) ENGINE=InnoDB DEFAULT CHARSET=utf8mb4 COLLATE=utf8mb4_general_ci;

--
-- テーブルのデータのダンプ `gen_reserve_log`
--

INSERT INTO `gen_reserve_log` (`id`, `reserve_id`, `status`, `message`, `created_at`) VALUES
(1, NULL, 3, '予約がありません', '2024-03-13 20:32:29'),
(2, 7, 1, '成功', '2024-03-13 20:34:25');

-- --------------------------------------------------------

--
-- テーブルの構造 `numbers`
--

CREATE TABLE `numbers` (
  `id` int(11) NOT NULL,
  `number` varchar(255) NOT NULL,
  `number_list_id` int(11) NOT NULL
) ENGINE=InnoDB DEFAULT CHARSET=utf8mb4 COLLATE=utf8mb4_general_ci;

-- --------------------------------------------------------

--
-- テーブルの構造 `number_lists`
--

CREATE TABLE `number_lists` (
  `id` int(11) NOT NULL,
  `title` varchar(255) NOT NULL,
  `survey_id` int(11) NOT NULL
) ENGINE=InnoDB DEFAULT CHARSET=utf8mb4 COLLATE=utf8mb4_general_ci;

-- --------------------------------------------------------

--
-- テーブルの構造 `options`
--

CREATE TABLE `options` (
  `id` int(11) NOT NULL,
  `faq_id` int(11) NOT NULL,
  `title` varchar(255) NOT NULL,
  `dial` int(11) NOT NULL,
  `next_ending_id` int(11) DEFAULT NULL,
  `next_faq_id` int(11) DEFAULT NULL
) ENGINE=InnoDB DEFAULT CHARSET=utf8mb4 COLLATE=utf8mb4_general_ci;

--
-- テーブルのデータのダンプ `options`
--

INSERT INTO `options` (`id`, `faq_id`, `title`, `dial`, `next_ending_id`, `next_faq_id`) VALUES
(2, 2, '聞き直し', 0, NULL, 2),
(3, 2, '持ち家', 1, NULL, 3),
(4, 2, '賃貸住宅', 2, NULL, 12),
(5, 3, '聞き直し', 0, NULL, 3),
(6, 3, '一万円以上', 1, NULL, 7),
(7, 3, '一万円未満', 2, NULL, 7),
(11, 7, '聞き直し', 0, NULL, 7),
(12, 7, '70歳以上', 1, 1, NULL),
(13, 7, '30歳～69歳', 2, NULL, 8),
(14, 7, '29歳', 3, 1, NULL),
(15, 8, '聞き直し', 0, NULL, 8),
(16, 8, 'ガス給湯器', 1, NULL, 9),
(17, 8, 'エコキュート', 2, NULL, 9),
(18, 8, '電気温水器', 3, NULL, 9),
(19, 8, '灯油ボイラー', 4, NULL, 9),
(20, 9, '聞き直し', 0, NULL, 9),
(21, 9, '10年以上', 1, NULL, 10),
(22, 9, '10年未満', 2, NULL, 10),
(23, 10, '聞き直し', 0, NULL, 10),
(24, 10, '太陽光・蓄電池', 1, 1, NULL),
(25, 10, '太陽光のみ', 2, NULL, 11),
(26, 10, '蓄電池のみ', 3, 1, NULL),
(27, 10, 'なし', 4, NULL, 11),
(28, 11, '聞き直し', 0, NULL, 11),
(29, 11, '主人', 1, NULL, 12),
(30, 11, '奥様', 2, NULL, 12),
(31, 12, '聞き直し', 0, NULL, 12),
(32, 12, '希望する', 1, 2, NULL),
(33, 12, '終了', 2, 1, NULL);

-- --------------------------------------------------------

--
-- テーブルの構造 `receive_result_log`
--

CREATE TABLE `receive_result_log` (
  `id` int(11) NOT NULL,
  `reserve_id` int(11) DEFAULT NULL,
  `status` int(11) NOT NULL,
  `message` varchar(255) DEFAULT NULL,
  `created_at` datetime DEFAULT current_timestamp()
) ENGINE=InnoDB DEFAULT CHARSET=utf8mb4 COLLATE=utf8mb4_general_ci;

-- --------------------------------------------------------

--
-- テーブルの構造 `reserves`
--

CREATE TABLE `reserves` (
  `id` int(11) NOT NULL,
  `survey_id` int(11) NOT NULL,
  `date` date NOT NULL,
  `start` time NOT NULL,
  `end` time NOT NULL,
  `status` int(11) NOT NULL,
  `reserve_file` varchar(255) DEFAULT NULL,
  `result_file` varchar(255) DEFAULT NULL,
  `number_list_id` int(11) DEFAULT NULL
) ENGINE=InnoDB DEFAULT CHARSET=utf8mb4 COLLATE=utf8mb4_general_ci;

--
-- テーブルのデータのダンプ `reserves`
--

INSERT INTO `reserves` (`id`, `survey_id`, `date`, `start`, `end`, `status`, `reserve_file`, `result_file`, `number_list_id`) VALUES
(7, 2, '2024-03-14', '14:00:00', '18:00:00', 0, 'user3_2024_03_14.json', NULL, NULL),
(8, 2, '2024-03-15', '14:00:00', '18:00:00', 0, NULL, NULL, NULL);

-- --------------------------------------------------------

--
-- テーブルの構造 `reserves_areas`
--

CREATE TABLE `reserves_areas` (
  `id` int(11) NOT NULL,
  `reserve_id` int(11) NOT NULL,
  `area_id` int(11) NOT NULL
) ENGINE=InnoDB DEFAULT CHARSET=utf8mb4 COLLATE=utf8mb4_general_ci;

--
-- テーブルのデータのダンプ `reserves_areas`
--

INSERT INTO `reserves_areas` (`id`, `reserve_id`, `area_id`) VALUES
(3, 7, 29),
(4, 8, 29);

-- --------------------------------------------------------

--
-- テーブルの構造 `send_emails`
--

CREATE TABLE `send_emails` (
  `id` int(11) NOT NULL,
  `user_id` int(11) NOT NULL,
  `email` varchar(255) NOT NULL,
  `enabled` tinyint(1) NOT NULL
) ENGINE=InnoDB DEFAULT CHARSET=utf8mb4 COLLATE=utf8mb4_general_ci;

--
-- テーブルのデータのダンプ `send_emails`
--

INSERT INTO `send_emails` (`id`, `user_id`, `email`, `enabled`) VALUES
(2, 3, 'iwatani@mc-japan01.jp', 1),
(6, 3, 'okumuradaichi2007@gmail.com', 1),
(7, 3, 'stakashima@pse.co.jp', 1);

-- --------------------------------------------------------

--
-- テーブルの構造 `stations`
--

CREATE TABLE `stations` (
  `id` int(11) NOT NULL,
  `area_id` int(11) NOT NULL,
  `title` varchar(255) NOT NULL,
  `prefix` varchar(255) NOT NULL
) ENGINE=InnoDB DEFAULT CHARSET=utf8mb4 COLLATE=utf8mb4_general_ci;

--
-- テーブルのデータのダンプ `stations`
--

INSERT INTO `stations` (`id`, `area_id`, `title`, `prefix`) VALUES
(1, 1, '四国', '090-100'),
(2, 2, '中国', '090-101'),
(3, 3, '関西', '090-102'),
(4, 4, '関東&甲信越', '090-103'),
(5, 4, '関東&甲信越', '090-104'),
(6, 4, '関東&甲信越', '090-105'),
(7, 5, '東北', '090-106'),
(8, 3, '関西', '090-107'),
(9, 6, '九州', '090-108'),
(10, 7, '中部', '090-109'),
(11, 8, '関東&中部', '090-110'),
(12, 4, '関東&甲信越', '090-111'),
(13, 4, '関東&甲信越', '090-112'),
(14, 3, '関西', '090-113'),
(15, 3, '関西', '090-114'),
(16, 3, '関西', '090-115'),
(17, 6, '九州', '090-116'),
(18, 9, '中国&九州&沖縄', '090-117'),
(19, 2, '中国', '090-118'),
(20, 6, '九州', '090-119'),
(21, 10, '関東（東京）', '090-120'),
(22, 10, '関東（東京）', '090-121'),
(23, 3, '関西', '090-122'),
(24, 7, '中部', '090-123'),
(25, 3, '関西', '090-124'),
(26, 10, '関東（東京）', '090-125'),
(27, 10, '関東（東京）', '090-126'),
(28, 7, '中部', '090-127'),
(29, 7, '中部', '090-128'),
(30, 7, '中部', '090-129'),
(31, 11, '北海道', '090-130'),
(32, 12, '北陸', '090-131'),
(33, 1, '四国', '090-132'),
(34, 2, '中国', '090-133'),
(35, 6, '九州', '090-134'),
(36, 2, '中国', '090-135'),
(37, 6, '九州', '090-136'),
(38, 5, '東北', '090-137'),
(39, 11, '北海道', '090-138'),
(40, 5, '東北', '090-139'),
(41, 4, '関東&甲信越', '090-140'),
(42, 7, '中部', '090-141'),
(43, 4, '関東&甲信越', '090-142'),
(44, 4, '関東&甲信越', '090-143'),
(45, 3, '関西', '090-144'),
(46, 4, '関東&甲信越', '090-145'),
(47, 4, '関東&甲信越', '090-146'),
(48, 7, '中部', '090-147'),
(49, 3, '関西', '090-148'),
(50, 5, '東北', '090-149'),
(51, 4, '関東&甲信越', '090-150'),
(52, 6, '九州', '090-151'),
(53, 11, '北海道', '090-152'),
(54, 4, '関東&甲信越', '090-153'),
(55, 4, '関東&甲信越', '090-154'),
(56, 4, '関東&甲信越', '090-155'),
(57, 7, '中部', '090-156'),
(58, 1, '四国', '090-157'),
(59, 3, '関西', '090-158'),
(60, 3, '関西', '090-159'),
(61, 4, '関東&甲信越', '090-160'),
(62, 4, '関東&甲信越', '090-161'),
(63, 7, '中部', '090-162'),
(64, 12, '北陸', '090-163'),
(65, 11, '北海道', '090-164'),
(66, 4, '関東&甲信越', '090-165'),
(67, 4, '関東&甲信越', '090-166'),
(68, 3, '関西', '090-167'),
(69, 2, '中国', '090-168'),
(70, 4, '関東&甲信越', '090-169'),
(71, 10, '関東（東京）', '090-170'),
(72, 3, '関西', '090-171'),
(73, 7, '中部', '090-172'),
(74, 10, '関東（東京）', '090-173'),
(75, 7, '中部', '090-174'),
(76, 7, '中部', '090-175'),
(77, 10, '関東（東京）', '090-176'),
(78, 10, '関東（東京）', '090-177'),
(79, 7, '中部', '090-178'),
(80, 7, '中部', '090-179'),
(81, 13, '関東', '090-180'),
(82, 13, '関東', '090-181'),
(83, 7, '中部', '090-182'),
(84, 8, '関東&中部', '090-183'),
(85, 13, '関東', '090-184'),
(86, 13, '関東', '090-185'),
(87, 8, '関東&中部', '090-186'),
(88, 6, '九州', '090-187'),
(89, 4, '関東&甲信越', '090-188'),
(90, 3, '関西', '090-189'),
(91, 3, '関西', '090-190'),
(92, 3, '関西', '090-191'),
(93, 6, '九州', '090-192'),
(94, 5, '東北', '090-193'),
(95, 14, '沖縄', '090-194'),
(96, 3, '関西', '090-195'),
(97, 3, '関西', '090-196'),
(98, 6, '九州', '090-197'),
(99, 7, '中部', '090-198'),
(100, 4, '関東&甲信越', '090-199'),
(101, 2, '中国', '090-200'),
(102, 3, '関西', '090-201'),
(103, 5, '東北', '090-202'),
(104, 12, '北陸', '090-203'),
(105, 3, '関西', '090-204'),
(106, 11, '北海道', '090-205'),
(107, 3, '関西', '090-206'),
(108, 15, '北海道&九州', '090-207'),
(109, 6, '九州', '090-208'),
(110, 16, '北陸&中国&九州', '090-209'),
(111, 3, '関西', '090-210'),
(112, 3, '関西', '090-211'),
(113, 12, '北陸', '090-212'),
(114, 7, '中部', '090-213'),
(115, 4, '関東&甲信越', '090-214'),
(116, 4, '関東&甲信越', '090-215'),
(117, 4, '関東&甲信越', '090-216'),
(118, 4, '関東&甲信越', '090-217'),
(119, 7, '中部', '090-218'),
(120, 3, '関西', '090-219'),
(121, 4, '関東&甲信越', '090-220'),
(122, 4, '関東&甲信越', '090-221'),
(123, 4, '関東&甲信越', '090-222'),
(124, 4, '関東&甲信越', '090-223'),
(125, 4, '関東&甲信越', '090-224'),
(126, 4, '関東&甲信越', '090-225'),
(127, 7, '中部', '090-226'),
(128, 5, '東北', '090-227'),
(129, 3, '関西', '090-228'),
(130, 2, '中国', '090-229'),
(131, 4, '関東&甲信越', '090-230'),
(132, 4, '関東&甲信越', '090-231'),
(133, 4, '関東&甲信越', '090-232'),
(134, 4, '関東&甲信越', '090-233'),
(135, 7, '中部', '090-234'),
(136, 3, '関西', '090-235'),
(137, 5, '東北', '090-236'),
(138, 12, '北陸', '090-237'),
(139, 3, '関西', '090-238'),
(140, 6, '九州', '090-239'),
(141, 4, '関東&甲信越', '090-240'),
(142, 4, '関東&甲信越', '090-241'),
(143, 4, '関東&甲信越', '090-242'),
(144, 4, '関東&甲信越', '090-243'),
(145, 4, '関東&甲信越', '090-244'),
(146, 4, '関東&甲信越', '090-245'),
(147, 4, '関東&甲信越', '090-246'),
(148, 4, '関東&甲信越', '090-247'),
(149, 4, '関東&甲信越', '090-248'),
(150, 4, '関東&甲信越', '090-249'),
(151, 6, '九州', '090-250'),
(152, 6, '九州', '090-251'),
(153, 4, '関東&甲信越', '090-252'),
(154, 4, '関東&甲信越', '090-253'),
(155, 4, '関東&甲信越', '090-254'),
(156, 4, '関東&甲信越', '090-255'),
(157, 4, '関東&甲信越', '090-256'),
(158, 7, '中部', '090-257'),
(159, 6, '九州', '090-258'),
(160, 3, '関西', '090-259'),
(161, 5, '東北', '090-260'),
(162, 7, '中部', '090-261'),
(163, 4, '関東&甲信越', '090-262'),
(164, 4, '関東&甲信越', '090-263'),
(165, 4, '関東&甲信越', '090-264'),
(166, 4, '関東&甲信越', '090-265'),
(167, 4, '関東&甲信越', '090-266'),
(168, 4, '関東&甲信越', '090-267'),
(169, 7, '中部', '090-268'),
(170, 11, '北海道', '090-269'),
(171, 3, '関西', '090-270'),
(172, 6, '九州', '090-271'),
(173, 4, '関東&甲信越', '090-272'),
(174, 4, '関東&甲信越', '090-273'),
(175, 4, '関東&甲信越', '090-274'),
(176, 4, '関東&甲信越', '090-275'),
(177, 4, '関東&甲信越', '090-276'),
(178, 7, '中部', '090-277'),
(179, 1, '四国', '090-278'),
(180, 5, '東北', '090-279'),
(181, 2, '中国', '090-280'),
(182, 11, '北海道', '090-281'),
(183, 1, '四国', '090-282'),
(184, 12, '北陸', '090-283'),
(185, 5, '東北', '090-284'),
(186, 6, '九州', '090-285'),
(187, 2, '中国', '090-286'),
(188, 11, '北海道', '090-287'),
(189, 5, '東北', '090-288'),
(190, 1, '四国', '090-289'),
(191, 10, '関東（東京）', '090-290'),
(192, 10, '関東（東京）', '090-291'),
(193, 7, '中部', '090-292'),
(194, 13, '関東', '090-293'),
(195, 8, '関東&中部', '090-294'),
(196, 5, '東北', '090-295'),
(197, 6, '九州', '090-296'),
(198, 5, '東北', '090-297'),
(199, 5, '東北', '090-298'),
(200, 5, '東北', '090-299'),
(201, 4, '関東&甲信越', '090-300'),
(202, 15, '北海道&九州', '090-301'),
(203, 4, '関東&甲信越', '090-302'),
(204, 3, '関西', '090-303'),
(205, 4, '関東&甲信越', '090-304'),
(206, 3, '関西', '090-305'),
(207, 4, '関東&甲信越', '090-306'),
(208, 6, '九州', '090-307'),
(209, 4, '関東&甲信越', '090-308'),
(210, 4, '関東&甲信越', '090-309'),
(211, 4, '関東&甲信越', '090-310'),
(212, 11, '北海道', '090-311'),
(213, 5, '東北', '090-312'),
(214, 4, '関東&甲信越', '090-313'),
(215, 4, '関東&甲信越', '090-314'),
(216, 17, '中部&北陸', '090-315'),
(217, 3, '関西', '090-316'),
(218, 2, '中国', '090-317'),
(219, 1, '四国', '090-318'),
(220, 6, '九州', '090-319'),
(221, 4, '関東&甲信越', '090-320'),
(222, 4, '関東&甲信越', '090-321'),
(223, 4, '関東&甲信越', '090-322'),
(224, 4, '関東&甲信越', '090-323'),
(225, 4, '関東&甲信越', '090-324'),
(226, 7, '中部', '090-325'),
(227, 3, '関西', '090-326'),
(228, 3, '関西', '090-327'),
(229, 3, '関西', '090-328'),
(230, 12, '北陸', '090-329'),
(231, 7, '中部', '090-330'),
(232, 4, '関東&甲信越', '090-331'),
(233, 6, '九州', '090-332'),
(234, 4, '関東&甲信越', '090-333'),
(235, 4, '関東&甲信越', '090-334'),
(236, 3, '関西', '090-335'),
(237, 5, '東北', '090-336'),
(238, 2, '中国', '090-337'),
(239, 7, '中部', '090-338'),
(240, 11, '北海道', '090-339'),
(241, 4, '関東&甲信越', '090-340'),
(242, 6, '九州', '090-341'),
(243, 18, '東京&中部&関西', '090-342'),
(244, 13, '関東', '090-343'),
(245, 7, '中部', '090-344'),
(246, 8, '関東&中部', '090-345'),
(247, 1, '四国', '090-346'),
(248, 4, '関東&甲信越', '090-347'),
(249, 19, '中部&関西', '090-348'),
(250, 20, '関西&関東', '090-349'),
(251, 13, '関東', '090-350'),
(252, 13, '関東', '090-351'),
(253, 13, '関東', '090-352'),
(254, 13, '関東', '090-353'),
(255, 13, '関東', '090-354'),
(256, 7, '中部', '090-355'),
(257, 7, '中部', '090-356'),
(258, 8, '関東&中部', '090-357'),
(259, 7, '中部', '090-358'),
(260, 13, '関東', '090-359'),
(261, 6, '九州', '090-360'),
(262, 3, '関西', '090-361'),
(263, 3, '関西', '090-362'),
(264, 2, '中国', '090-363'),
(265, 5, '東北', '090-364'),
(266, 3, '関西', '090-365'),
(267, 6, '九州', '090-366'),
(268, 3, '関西', '090-367'),
(269, 13, '関東', '090-368'),
(270, 13, '関東', '090-369'),
(271, 3, '関西', '090-370'),
(272, 3, '関西', '090-371'),
(273, 3, '関西', '090-372'),
(274, 6, '九州', '090-373'),
(275, 2, '中国', '090-374'),
(276, 5, '東北', '090-375'),
(277, 12, '北陸', '090-376'),
(278, 11, '北海道', '090-377'),
(279, 1, '四国', '090-378'),
(280, 14, '沖縄', '090-379'),
(281, 10, '関東（東京）', '090-380'),
(282, 10, '関東（東京）', '090-381'),
(283, 3, '関西', '090-382'),
(284, 7, '中部', '090-383'),
(285, 3, '関西', '090-384'),
(286, 19, '中部&関西', '090-385'),
(287, 3, '関西', '090-386'),
(288, 21, '関西&中部&東京', '090-387'),
(289, 22, '中国&九州&北陸', '090-388'),
(290, 23, '北海道&関西', '090-389'),
(291, 10, '関東（東京）', '090-390'),
(292, 10, '関東（東京）', '090-391'),
(293, 3, '関西', '090-392'),
(294, 7, '中部', '090-393'),
(295, 3, '関西', '090-394'),
(296, 7, '中部', '090-395'),
(297, 21, '関西&中部&東京', '090-396'),
(298, 3, '関西', '090-397'),
(299, 24, '東北&九州&四国', '090-398'),
(300, 3, '関西', '090-399'),
(301, 4, '関東&甲信越', '090-400'),
(302, 4, '関東&甲信越', '090-401'),
(303, 4, '関東&甲信越', '090-402'),
(304, 3, '関西', '090-403'),
(305, 5, '東北', '090-404'),
(306, 4, '関東&甲信越', '090-405'),
(307, 4, '関東&甲信越', '090-406'),
(308, 4, '関東&甲信越', '090-407'),
(309, 7, '中部', '090-408'),
(310, 4, '関東&甲信越', '090-409'),
(311, 2, '中国', '090-410'),
(312, 7, '中部', '090-411'),
(313, 4, '関東&甲信越', '090-412'),
(314, 4, '関東&甲信越', '090-413'),
(315, 2, '中国', '090-414'),
(316, 7, '中部', '090-415'),
(317, 8, '関東&中部', '090-416'),
(318, 13, '関東', '090-417'),
(319, 7, '中部', '090-418'),
(320, 7, '中部', '090-419'),
(321, 13, '関東', '090-420'),
(322, 7, '中部', '090-421'),
(323, 8, '関東&中部', '090-422'),
(324, 7, '中部', '090-423'),
(325, 13, '関東', '090-424'),
(326, 7, '中部', '090-425'),
(327, 7, '中部', '090-426'),
(328, 3, '関西', '090-427'),
(329, 3, '関西', '090-428'),
(330, 3, '関西', '090-429'),
(331, 3, '関西', '090-430'),
(332, 5, '東北', '090-431'),
(333, 12, '北陸', '090-432'),
(334, 2, '中国', '090-433'),
(335, 6, '九州', '090-434'),
(336, 6, '九州', '090-435'),
(337, 4, '関東&甲信越', '090-436'),
(338, 4, '関東&甲信越', '090-437'),
(339, 4, '関東&甲信越', '090-438'),
(340, 4, '関東&甲信越', '090-439'),
(341, 7, '中部', '090-440'),
(342, 10, '関東（東京）', '090-441'),
(343, 13, '関東', '090-442'),
(344, 13, '関東', '090-443'),
(345, 7, '中部', '090-444'),
(346, 13, '関東', '090-445'),
(347, 7, '中部', '090-446'),
(348, 14, '沖縄', '090-447'),
(349, 6, '九州', '090-448'),
(350, 3, '関西', '090-449'),
(351, 1, '四国', '090-450'),
(352, 6, '九州', '090-451'),
(353, 4, '関東&甲信越', '090-452'),
(354, 4, '関東&甲信越', '090-453'),
(355, 4, '関東&甲信越', '090-454'),
(356, 5, '東北', '090-455'),
(357, 3, '関西', '090-456'),
(358, 2, '中国', '090-457'),
(359, 6, '九州', '090-458'),
(360, 4, '関東&甲信越', '090-459'),
(361, 4, '関東&甲信越', '090-460'),
(362, 4, '関東&甲信越', '090-461'),
(363, 4, '関東&甲信越', '090-462'),
(364, 5, '東北', '090-463'),
(365, 3, '関西', '090-464'),
(366, 2, '中国', '090-465'),
(367, 4, '関東&甲信越', '090-466'),
(368, 4, '関東&甲信越', '090-467'),
(369, 12, '北陸', '090-468'),
(370, 2, '中国', '090-469'),
(371, 4, '関東&甲信越', '090-470'),
(372, 4, '関東&甲信越', '090-471'),
(373, 4, '関東&甲信越', '090-472'),
(374, 4, '関東&甲信越', '090-473'),
(375, 4, '関東&甲信越', '090-474'),
(376, 4, '関東&甲信越', '090-475'),
(377, 3, '関西', '090-476'),
(378, 6, '九州', '090-477'),
(379, 1, '四国', '090-478'),
(380, 7, '中部', '090-479'),
(381, 2, '中国', '090-480'),
(382, 4, '関東&甲信越', '090-481'),
(383, 4, '関東&甲信越', '090-482'),
(384, 4, '関東&甲信越', '090-483'),
(385, 4, '関東&甲信越', '090-484'),
(386, 7, '中部', '090-485'),
(387, 7, '中部', '090-486'),
(388, 11, '北海道', '090-487'),
(389, 5, '東北', '090-488'),
(390, 2, '中国', '090-489'),
(391, 3, '関西', '090-490'),
(392, 4, '関東&甲信越', '090-491'),
(393, 4, '関東&甲信越', '090-492'),
(394, 4, '関東&甲信越', '090-493'),
(395, 4, '関東&甲信越', '090-494'),
(396, 4, '関東&甲信越', '090-495'),
(397, 4, '関東&甲信越', '090-496'),
(398, 1, '四国', '090-497'),
(399, 6, '九州', '090-498'),
(400, 6, '九州', '090-499'),
(401, 7, '中部', '090-500'),
(402, 3, '関西', '090-501'),
(403, 6, '九州', '090-502'),
(404, 7, '中部', '090-503'),
(405, 3, '関西', '090-504'),
(406, 3, '関西', '090-505'),
(407, 3, '関西', '090-506'),
(408, 11, '北海道', '090-507'),
(409, 6, '九州', '090-508'),
(410, 3, '関西', '090-509'),
(411, 7, '中部', '090-510'),
(412, 7, '中部', '090-511'),
(413, 3, '関西', '090-512'),
(414, 3, '関西', '090-513'),
(415, 1, '四国', '090-514'),
(416, 3, '関西', '090-515'),
(417, 3, '関西', '090-516'),
(418, 12, '北陸', '090-517'),
(419, 5, '東北', '090-518'),
(420, 4, '関東&甲信越', '090-519'),
(421, 4, '関東&甲信越', '090-520'),
(422, 4, '関東&甲信越', '090-521'),
(423, 11, '北海道', '090-522'),
(424, 5, '東北', '090-523'),
(425, 3, '関西', '090-524'),
(426, 3, '関西', '090-525'),
(427, 2, '中国', '090-526'),
(428, 1, '四国', '090-527'),
(429, 6, '九州', '090-528'),
(430, 6, '九州', '090-529'),
(431, 4, '関東&甲信越', '090-530'),
(432, 4, '関東&甲信越', '090-531'),
(433, 4, '関東&甲信越', '090-532'),
(434, 4, '関東&甲信越', '090-533'),
(435, 4, '関東&甲信越', '090-534'),
(436, 5, '東北', '090-535'),
(437, 3, '関西', '090-536'),
(438, 2, '中国', '090-537'),
(439, 6, '九州', '090-538'),
(440, 4, '関東&甲信越', '090-539'),
(441, 4, '関東&甲信越', '090-540'),
(442, 4, '関東&甲信越', '090-541'),
(443, 4, '関東&甲信越', '090-542'),
(444, 4, '関東&甲信越', '090-543'),
(445, 4, '関東&甲信越', '090-544'),
(446, 7, '中部', '090-545'),
(447, 3, '関西', '090-546'),
(448, 6, '九州', '090-547'),
(449, 6, '九州', '090-548'),
(450, 4, '関東&甲信越', '090-549'),
(451, 4, '関東&甲信越', '090-550'),
(452, 4, '関東&甲信越', '090-551'),
(453, 4, '関東&甲信越', '090-552'),
(454, 4, '関東&甲信越', '090-553'),
(455, 4, '関東&甲信越', '090-554'),
(456, 4, '関東&甲信越', '090-555'),
(457, 4, '関東&甲信越', '090-556'),
(458, 4, '関東&甲信越', '090-557'),
(459, 4, '関東&甲信越', '090-558'),
(460, 5, '東北', '090-559'),
(461, 7, '中部', '090-560'),
(462, 7, '中部', '090-561'),
(463, 7, '中部', '090-562'),
(464, 7, '中部', '090-563'),
(465, 3, '関西', '090-564'),
(466, 3, '関西', '090-565'),
(467, 3, '関西', '090-566'),
(468, 3, '関西', '090-567'),
(469, 12, '北陸', '090-568'),
(470, 2, '中国', '090-569'),
(471, 2, '中国', '090-570'),
(472, 1, '四国', '090-571'),
(473, 6, '九州', '090-572'),
(474, 6, '九州', '090-573'),
(475, 6, '九州', '090-574'),
(476, 4, '関東&甲信越', '090-575'),
(477, 4, '関東&甲信越', '090-576'),
(478, 4, '関東&甲信越', '090-577'),
(479, 4, '関東&甲信越', '090-578'),
(480, 4, '関東&甲信越', '090-579'),
(481, 4, '関東&甲信越', '090-580'),
(482, 4, '関東&甲信越', '090-581'),
(483, 4, '関東&甲信越', '090-582'),
(484, 5, '東北', '090-583'),
(485, 5, '東北', '090-584'),
(486, 7, '中部', '090-585'),
(487, 7, '中部', '090-586'),
(488, 7, '中部', '090-587'),
(489, 3, '関西', '090-588'),
(490, 3, '関西', '090-589'),
(491, 3, '関西', '090-590'),
(492, 2, '中国', '090-591'),
(493, 4, '関東&甲信越', '090-592'),
(494, 4, '関東&甲信越', '090-593'),
(495, 4, '関東&甲信越', '090-594'),
(496, 11, '北海道', '090-595'),
(497, 3, '関西', '090-596'),
(498, 3, '関西', '090-597'),
(499, 11, '北海道', '090-598'),
(500, 4, '関東&甲信越', '090-599'),
(501, 11, '北海道', '090-669'),
(502, 7, '中部', '090-676'),
(503, 6, '九州', '090-677'),
(504, 5, '東北', '090-678'),
(505, 7, '中部', '090-680'),
(506, 12, '北陸', '090-681'),
(507, 3, '関西', '090-682'),
(508, 2, '中国', '090-684'),
(509, 14, '沖縄', '090-686'),
(510, 1, '四国', '090-688'),
(511, 6, '九州', '090-689'),
(512, 3, '関西', '090-690'),
(513, 3, '関西', '090-691'),
(514, 3, '関西', '090-696'),
(515, 3, '関西', '090-697'),
(516, 3, '関西', '090-698'),
(517, 11, '北海道', '090-699'),
(518, 4, '関東&甲信越', '090-700'),
(519, 4, '関東&甲信越', '090-701'),
(520, 7, '中部', '090-702'),
(521, 7, '中部', '090-703'),
(522, 7, '中部', '090-704'),
(523, 11, '北海道', '090-705'),
(524, 5, '東北', '090-706'),
(525, 5, '東北', '090-707'),
(526, 12, '北陸', '090-708'),
(527, 3, '関西', '090-709'),
(528, 3, '関西', '090-710'),
(529, 3, '関西', '090-711'),
(530, 2, '中国', '090-712'),
(531, 2, '中国', '090-713'),
(532, 1, '四国', '090-714'),
(533, 6, '九州', '090-715'),
(534, 6, '九州', '090-716'),
(535, 4, '関東&甲信越', '090-717'),
(536, 4, '関東&甲信越', '090-718'),
(537, 4, '関東&甲信越', '090-719'),
(538, 4, '関東&甲信越', '090-720'),
(539, 4, '関東&甲信越', '090-721'),
(540, 4, '関東&甲信越', '090-722'),
(541, 4, '関東&甲信越', '090-723'),
(542, 4, '関東&甲信越', '090-724'),
(543, 4, '関東&甲信越', '090-725'),
(544, 4, '関東&甲信越', '090-726'),
(545, 4, '関東&甲信越', '090-727'),
(546, 4, '関東&甲信越', '090-728'),
(547, 6, '九州', '090-729'),
(548, 7, '中部', '090-730'),
(549, 7, '中部', '090-731'),
(550, 5, '東北', '090-732'),
(551, 5, '東北', '090-733'),
(552, 3, '関西', '090-734'),
(553, 3, '関西', '090-735'),
(554, 3, '関西', '090-736'),
(555, 2, '中国', '090-737'),
(556, 6, '九州', '090-738'),
(557, 6, '九州', '090-739'),
(558, 4, '関東&甲信越', '090-740'),
(559, 4, '関東&甲信越', '090-741'),
(560, 4, '関東&甲信越', '090-742'),
(561, 7, '中部', '090-743'),
(562, 6, '九州', '090-744'),
(563, 6, '九州', '090-745'),
(564, 6, '九州', '090-746'),
(565, 6, '九州', '090-747'),
(566, 3, '関西', '090-748'),
(567, 3, '関西', '090-749'),
(568, 2, '中国', '090-750'),
(569, 11, '北海道', '090-751'),
(570, 5, '東北', '090-752'),
(571, 6, '九州', '090-753'),
(572, 2, '中国', '090-754'),
(573, 3, '関西', '090-755'),
(574, 5, '東北', '090-756'),
(575, 1, '四国', '090-757'),
(576, 12, '北陸', '090-758'),
(577, 2, '中国', '090-759'),
(578, 7, '中部', '090-760'),
(579, 7, '中部', '090-761'),
(580, 1, '四国', '090-762'),
(581, 4, '関東&甲信越', '090-763'),
(582, 11, '北海道', '090-764'),
(583, 11, '北海道', '090-765'),
(584, 5, '東北', '090-766'),
(585, 7, '中部', '090-767'),
(586, 7, '中部', '090-768'),
(587, 7, '中部', '090-769'),
(588, 4, '関東&甲信越', '090-770'),
(589, 4, '関東&甲信越', '090-771'),
(590, 4, '関東&甲信越', '090-772'),
(591, 4, '関東&甲信越', '090-773'),
(592, 12, '北陸', '090-774'),
(593, 3, '関西', '090-775'),
(594, 3, '関西', '090-776'),
(595, 2, '中国', '090-777'),
(596, 1, '四国', '090-778'),
(597, 5, '東北', '090-779'),
(598, 4, '関東&甲信越', '090-780'),
(599, 4, '関東&甲信越', '090-781'),
(600, 4, '関東&甲信越', '090-782'),
(601, 4, '関東&甲信越', '090-783'),
(602, 4, '関東&甲信越', '090-784'),
(603, 7, '中部', '090-785'),
(604, 7, '中部', '090-786'),
(605, 3, '関西', '090-787'),
(606, 3, '関西', '090-788'),
(607, 2, '中国', '090-789'),
(608, 4, '関東&甲信越', '090-790'),
(609, 7, '中部', '090-791'),
(610, 6, '九州', '090-792'),
(611, 5, '東北', '090-793'),
(612, 4, '関東&甲信越', '090-794'),
(613, 7, '中部', '090-795'),
(614, 3, '関西', '090-796'),
(615, 2, '中国', '090-797'),
(616, 6, '九州', '090-798'),
(617, 2, '中国', '090-799'),
(618, 4, '関東&甲信越', '090-800'),
(619, 4, '関東&甲信越', '090-801'),
(620, 4, '関東&甲信越', '090-802'),
(621, 4, '関東&甲信越', '090-803'),
(622, 13, '関東', '090-804'),
(623, 13, '関東', '090-805'),
(624, 2, '中国', '090-806'),
(625, 7, '中部', '090-807'),
(626, 10, '関東（東京）', '090-808'),
(627, 12, '北陸', '090-809'),
(628, 10, '関東（東京）', '090-810'),
(629, 10, '関東（東京）', '090-811'),
(630, 3, '関西', '090-812'),
(631, 7, '中部', '090-813'),
(632, 3, '関西', '090-814'),
(633, 7, '中部', '090-815'),
(634, 3, '関西', '090-816'),
(635, 10, '関東（東京）', '090-817'),
(636, 7, '中部', '090-818'),
(637, 3, '関西', '090-819'),
(638, 3, '関西', '090-820'),
(639, 3, '関西', '090-821'),
(640, 6, '九州', '090-822'),
(641, 3, '関西', '090-823'),
(642, 2, '中国', '090-824'),
(643, 5, '東北', '090-825'),
(644, 12, '北陸', '090-826'),
(645, 11, '北海道', '090-827'),
(646, 25, '中国&四国&九州', '090-828'),
(647, 14, '沖縄', '090-829'),
(648, 13, '関東', '090-830'),
(649, 13, '関東', '090-831'),
(650, 7, '中部', '090-832'),
(651, 8, '関東&中部', '090-833'),
(652, 10, '関東（東京）', '090-834'),
(653, 6, '九州', '090-835'),
(654, 26, '中国&関西', '090-836'),
(655, 23, '北海道&関西', '090-837'),
(656, 3, '関西', '090-838'),
(657, 6, '九州', '090-839'),
(658, 6, '九州', '090-840'),
(659, 6, '九州', '090-841'),
(660, 7, '中部', '090-842'),
(661, 10, '関東（東京）', '090-843'),
(662, 27, '東京&関西', '090-844'),
(663, 10, '関東（東京）', '090-845'),
(664, 10, '関東（東京）', '090-846'),
(665, 7, '中部', '090-847'),
(666, 3, '関西', '090-848'),
(667, 10, '関東（東京）', '090-849'),
(668, 10, '関東（東京）', '090-850'),
(669, 10, '関東（東京）', '090-851'),
(670, 3, '関西', '090-852'),
(671, 3, '関西', '090-853'),
(672, 7, '中部', '090-854'),
(673, 28, '中部&東京', '090-855'),
(674, 10, '関東（東京）', '090-856'),
(675, 3, '関西', '090-857'),
(676, 4, '関東&甲信越', '090-858'),
(677, 4, '関東&甲信越', '090-859'),
(678, 2, '中国', '090-860'),
(679, 5, '東北', '090-861'),
(680, 6, '九州', '090-862'),
(681, 11, '北海道', '090-863'),
(682, 4, '関東&甲信越', '090-864'),
(683, 3, '関西', '090-865'),
(684, 6, '九州', '090-866'),
(685, 7, '中部', '090-867'),
(686, 4, '関東&甲信越', '090-868'),
(687, 1, '四国', '090-869'),
(688, 4, '関東&甲信越', '090-870'),
(689, 2, '中国', '090-871'),
(690, 4, '関東&甲信越', '090-872'),
(691, 7, '中部', '090-873'),
(692, 4, '関東&甲信越', '090-874'),
(693, 3, '関西', '090-875'),
(694, 6, '九州', '090-876'),
(695, 4, '関東&甲信越', '090-877'),
(696, 5, '東北', '090-878'),
(697, 3, '関西', '090-879'),
(698, 4, '関東&甲信越', '090-880'),
(699, 4, '関東&甲信越', '090-881'),
(700, 3, '関西', '090-882'),
(701, 6, '九州', '090-883'),
(702, 4, '関東&甲信越', '090-884'),
(703, 4, '関東&甲信越', '090-885'),
(704, 7, '中部', '090-886'),
(705, 4, '関東&甲信越', '090-887'),
(706, 3, '関西', '090-888'),
(707, 11, '北海道', '090-889'),
(708, 11, '北海道', '090-890'),
(709, 6, '九州', '090-891'),
(710, 5, '東北', '090-892'),
(711, 3, '関西', '090-893'),
(712, 4, '関東&甲信越', '090-894'),
(713, 7, '中部', '090-895'),
(714, 12, '北陸', '090-896'),
(715, 1, '四国', '090-897'),
(716, 3, '関西', '090-898'),
(717, 2, '中国', '090-899'),
(718, 4, '関東&甲信越', '090-900'),
(719, 4, '関東&甲信越', '090-901'),
(720, 7, '中部', '090-902'),
(721, 5, '東北', '090-903'),
(722, 3, '関西', '090-904'),
(723, 3, '関西', '090-905'),
(724, 2, '中国', '090-906'),
(725, 6, '九州', '090-907'),
(726, 11, '北海道', '090-908'),
(727, 3, '関西', '090-909'),
(728, 10, '関東（東京）', '090-910'),
(729, 3, '関西', '090-911'),
(730, 7, '中部', '090-912'),
(731, 10, '関東（東京）', '090-913'),
(732, 10, '関東（東京）', '090-914'),
(733, 10, '関東（東京）', '090-915'),
(734, 3, '関西', '090-916'),
(735, 7, '中部', '090-917'),
(736, 7, '中部', '090-918'),
(737, 7, '中部', '090-919'),
(738, 10, '関東（東京）', '090-920'),
(739, 3, '関西', '090-921'),
(740, 7, '中部', '090-922'),
(741, 10, '関東（東京）', '090-923'),
(742, 10, '関東（東京）', '090-924'),
(743, 3, '関西', '090-925'),
(744, 7, '中部', '090-926'),
(745, 3, '関西', '090-927'),
(746, 3, '関西', '090-928'),
(747, 10, '関東（東京）', '090-929'),
(748, 13, '関東', '090-930'),
(749, 13, '関東', '090-931'),
(750, 13, '関東', '090-932'),
(751, 7, '中部', '090-933'),
(752, 7, '中部', '090-934'),
(753, 7, '中部', '090-935'),
(754, 13, '関東', '090-936'),
(755, 13, '関東', '090-937'),
(756, 13, '関東', '090-938'),
(757, 13, '関東', '090-939'),
(758, 6, '九州', '090-940'),
(759, 2, '中国', '090-941'),
(760, 5, '東北', '090-942'),
(761, 11, '北海道', '090-943'),
(762, 12, '北陸', '090-944'),
(763, 1, '四国', '090-945'),
(764, 2, '中国', '090-946'),
(765, 6, '九州', '090-947'),
(766, 6, '九州', '090-948'),
(767, 6, '九州', '090-949'),
(768, 2, '中国', '090-950'),
(769, 11, '北海道', '090-951'),
(770, 11, '北海道', '090-952'),
(771, 5, '東北', '090-953'),
(772, 3, '関西', '090-954'),
(773, 1, '四国', '090-955'),
(774, 6, '九州', '090-956'),
(775, 6, '九州', '090-957'),
(776, 6, '九州', '090-958'),
(777, 6, '九州', '090-959'),
(778, 6, '九州', '090-960'),
(779, 3, '関西', '090-961'),
(780, 3, '関西', '090-962'),
(781, 5, '東北', '090-963'),
(782, 28, '中部&東京', '090-964'),
(783, 6, '九州', '090-965'),
(784, 7, '中部', '090-966'),
(785, 13, '関東', '090-967'),
(786, 10, '関東（東京）', '090-968'),
(787, 3, '関西', '090-969'),
(788, 3, '関西', '090-970'),
(789, 3, '関西', '090-971'),
(790, 6, '九州', '090-972'),
(791, 2, '中国', '090-973'),
(792, 5, '東北', '090-974'),
(793, 11, '北海道', '090-975'),
(794, 12, '北陸', '090-976'),
(795, 1, '四国', '090-977'),
(796, 14, '沖縄', '090-978'),
(797, 6, '九州', '090-979'),
(798, 10, '関東（東京）', '090-980'),
(799, 10, '関東（東京）', '090-981'),
(800, 10, '関東（東京）', '090-982'),
(801, 10, '関東（東京）', '090-983'),
(802, 10, '関東（東京）', '090-984'),
(803, 10, '関東（東京）', '090-985'),
(804, 3, '関西', '090-986'),
(805, 3, '関西', '090-987'),
(806, 3, '関西', '090-988'),
(807, 7, '中部', '090-989'),
(808, 7, '中部', '090-990'),
(809, 7, '中部', '090-991'),
(810, 7, '中部', '090-992'),
(811, 7, '中部', '090-993'),
(812, 7, '中部', '090-994'),
(813, 10, '関東（東京）', '090-995'),
(814, 10, '関東（東京）', '090-996'),
(815, 10, '関東（東京）', '090-997'),
(816, 3, '関西', '090-998'),
(817, 3, '関西', '090-999'),
(818, 3, '関西', '080-140'),
(819, 3, '関西', '080-141'),
(820, 3, '関西', '080-142'),
(821, 3, '関西', '080-143'),
(822, 3, '関西', '080-144'),
(823, 3, '関西', '080-145'),
(824, 3, '関西', '080-146'),
(825, 3, '関西', '080-147'),
(826, 3, '関西', '080-148'),
(827, 3, '関西', '080-149'),
(828, 3, '関西', '080-150'),
(829, 3, '関西', '080-151'),
(830, 3, '関西', '080-152'),
(831, 6, '九州', '080-153'),
(832, 6, '九州', '080-154'),
(833, 7, '中部', '080-155'),
(834, 7, '中部', '080-156'),
(835, 7, '中部', '080-157'),
(836, 7, '中部', '080-158'),
(837, 7, '中部', '080-159'),
(838, 7, '中部', '080-160'),
(839, 7, '中部', '080-161'),
(840, 7, '中部', '080-162'),
(841, 2, '中国', '080-163'),
(842, 2, '中国', '080-164'),
(843, 5, '東北', '080-165'),
(844, 5, '東北', '080-166'),
(845, 5, '東北', '080-167'),
(846, 5, '東北', '080-168'),
(847, 5, '東北', '080-169'),
(848, 6, '九州', '080-170'),
(849, 6, '九州', '080-171'),
(850, 6, '九州', '080-172'),
(851, 6, '九州', '080-173'),
(852, 6, '九州', '080-174'),
(853, 6, '九州', '080-175'),
(854, 6, '九州', '080-176'),
(855, 6, '九州', '080-177'),
(856, 6, '九州', '080-178'),
(857, 6, '九州', '080-179'),
(858, 5, '東北', '080-180'),
(859, 5, '東北', '080-181'),
(860, 5, '東北', '080-182'),
(861, 5, '東北', '080-183'),
(862, 5, '東北', '080-184'),
(863, 5, '東北', '080-185'),
(864, 11, '北海道', '080-186'),
(865, 11, '北海道', '080-187'),
(866, 11, '北海道', '080-188'),
(867, 11, '北海道', '080-189'),
(868, 2, '中国', '080-190'),
(869, 2, '中国', '080-191'),
(870, 2, '中国', '080-192'),
(871, 2, '中国', '080-193'),
(872, 2, '中国', '080-194'),
(873, 12, '北陸', '080-195'),
(874, 12, '北陸', '080-196'),
(875, 11, '北海道', '080-197'),
(876, 11, '北海道', '080-198'),
(877, 1, '四国', '080-199'),
(878, 3, '関西', '080-240'),
(879, 3, '関西', '080-241'),
(880, 3, '関西', '080-242'),
(881, 3, '関西', '080-243'),
(882, 3, '関西', '080-244'),
(883, 3, '関西', '080-245'),
(884, 3, '関西', '080-246'),
(885, 3, '関西', '080-247'),
(886, 3, '関西', '080-248'),
(887, 3, '関西', '080-249'),
(888, 3, '関西', '080-250'),
(889, 3, '関西', '080-251'),
(890, 3, '関西', '080-252'),
(891, 3, '関西', '080-253'),
(892, 3, '関西', '080-254'),
(893, 7, '中部', '080-260'),
(894, 7, '中部', '080-261'),
(895, 7, '中部', '080-262'),
(896, 7, '中部', '080-263'),
(897, 7, '中部', '080-264'),
(898, 7, '中部', '080-265'),
(899, 7, '中部', '080-266'),
(900, 6, '九州', '080-269'),
(901, 6, '九州', '080-270'),
(902, 6, '九州', '080-271'),
(903, 6, '九州', '080-272'),
(904, 6, '九州', '080-273'),
(905, 6, '九州', '080-274'),
(906, 6, '九州', '080-275'),
(907, 6, '九州', '080-276'),
(908, 6, '九州', '080-277'),
(909, 6, '九州', '080-278'),
(910, 6, '九州', '080-279'),
(911, 5, '東北', '080-280'),
(912, 5, '東北', '080-281'),
(913, 5, '東北', '080-282'),
(914, 5, '東北', '080-283'),
(915, 5, '東北', '080-284'),
(916, 1, '四国', '080-285'),
(917, 11, '北海道', '080-286'),
(918, 11, '北海道', '080-287'),
(919, 2, '中国', '080-288'),
(920, 2, '中国', '080-289'),
(921, 2, '中国', '080-290'),
(922, 2, '中国', '080-291'),
(923, 2, '中国', '080-292'),
(924, 2, '中国', '080-293'),
(925, 2, '中国', '080-294'),
(926, 12, '北陸', '080-295'),
(927, 12, '北陸', '080-296'),
(928, 2, '中国', '080-297'),
(929, 2, '中国', '080-298'),
(930, 2, '中国', '080-299'),
(931, 14, '沖縄', '080-648'),
(932, 14, '沖縄', '080-649'),
(933, 5, '東北', '080-820'),
(934, 5, '東北', '080-821'),
(935, 7, '中部', '080-825'),
(936, 3, '関西', '080-830'),
(937, 3, '関西', '080-831'),
(938, 6, '九州', '080-835'),
(939, 6, '九州', '080-836'),
(940, 6, '九州', '080-837'),
(941, 14, '沖縄', '080-985'),
(942, 29, '', '090-355');

-- --------------------------------------------------------

--
-- テーブルの構造 `surveys`
--

CREATE TABLE `surveys` (
  `id` int(11) NOT NULL,
  `user_id` int(11) NOT NULL,
  `title` varchar(255) NOT NULL,
  `note` mediumtext DEFAULT NULL,
  `greeting` mediumtext DEFAULT NULL,
  `greeting_voice_file` varchar(255) DEFAULT NULL,
  `voice_name` varchar(255) NOT NULL,
  `success_ending_id` int(11) NOT NULL
) ENGINE=InnoDB DEFAULT CHARSET=utf8mb4 COLLATE=utf8mb4_general_ci;

--
-- テーブルのデータのダンプ `surveys`
--

INSERT INTO `surveys` (`id`, `user_id`, `title`, `note`, `greeting`, `greeting_voice_file`, `voice_name`, `success_ending_id`) VALUES
(2, 3, 'アンケート１', 'デフォルトのアンケート', 'こちらは、ライフサポートセンターと申します。只今、中部電力管内にお住まいの方へ、中部電力のお得な料金プランに切り替えた場合、どれくらい光熱費が削減できるかの診断精査を行っております。１分程の音声質問にご協力をお願いします。なお、音声の途中でもご回答いただけます。', 's2g_65f17596f3bb7.wav', 'ja-JP-Standard-A', 2);

-- --------------------------------------------------------

--
-- テーブルの構造 `users`
--

CREATE TABLE `users` (
  `id` int(11) NOT NULL,
  `email` varchar(255) NOT NULL,
  `password` varchar(255) NOT NULL,
  `status` int(11) NOT NULL,
  `number_of_lines` int(11) NOT NULL,
  `name` varchar(255) NOT NULL
) ENGINE=InnoDB DEFAULT CHARSET=utf8mb4 COLLATE=utf8mb4_general_ci;

--
-- テーブルのデータのダンプ `users`
--

INSERT INTO `users` (`id`, `email`, `password`, `status`, `number_of_lines`, `name`) VALUES
(1, 'autocall@e-ivr.net', '$2y$10$hAuGpGVr9YDpHJC8bxF2fe0jUHeJVFzAOpp4pbzMmVTbAxUaXwczS', 1, 0, 'AutoCallシステム'),
(3, 'iwatani@mc-japan01.jp', '$2y$10$ne2dbBVa/WWP..Dz/5MRN.irUUv.sqZ3HgdAPCqRYKSrx0ScyHzOa', 1, 100, 'MC-JAPAN');

--
-- ダンプしたテーブルのインデックス
--

--
-- テーブルのインデックス `answers`
--
ALTER TABLE `answers`
  ADD PRIMARY KEY (`id`),
  ADD KEY `call_id` (`call_id`),
  ADD KEY `faq_id` (`faq_id`),
  ADD KEY `option_id` (`option_id`);

--
-- テーブルのインデックス `areas`
--
ALTER TABLE `areas`
  ADD PRIMARY KEY (`id`),
  ADD KEY `survey_id` (`survey_id`);

--
-- テーブルのインデックス `calls`
--
ALTER TABLE `calls`
  ADD PRIMARY KEY (`id`),
  ADD KEY `reserve_id` (`reserve_id`);

--
-- テーブルのインデックス `endings`
--
ALTER TABLE `endings`
  ADD PRIMARY KEY (`id`),
  ADD KEY `survey_id` (`survey_id`);

--
-- テーブルのインデックス `faqs`
--
ALTER TABLE `faqs`
  ADD PRIMARY KEY (`id`),
  ADD KEY `survey_id` (`survey_id`);

--
-- テーブルのインデックス `favorites`
--
ALTER TABLE `favorites`
  ADD PRIMARY KEY (`id`),
  ADD KEY `survey_id` (`survey_id`),
  ADD KEY `number_list_id` (`number_list_id`);

--
-- テーブルのインデックス `favorites_areas`
--
ALTER TABLE `favorites_areas`
  ADD PRIMARY KEY (`id`),
  ADD KEY `favorite_id` (`favorite_id`),
  ADD KEY `area_id` (`area_id`);

--
-- テーブルのインデックス `gen_reserve_log`
--
ALTER TABLE `gen_reserve_log`
  ADD PRIMARY KEY (`id`),
  ADD KEY `reserve_id` (`reserve_id`);

--
-- テーブルのインデックス `numbers`
--
ALTER TABLE `numbers`
  ADD PRIMARY KEY (`id`),
  ADD KEY `number_list_id` (`number_list_id`);

--
-- テーブルのインデックス `number_lists`
--
ALTER TABLE `number_lists`
  ADD PRIMARY KEY (`id`),
  ADD KEY `survey_id` (`survey_id`);

--
-- テーブルのインデックス `options`
--
ALTER TABLE `options`
  ADD PRIMARY KEY (`id`),
  ADD KEY `faq_id` (`faq_id`),
  ADD KEY `next_faq_id` (`next_faq_id`),
  ADD KEY `next_ending_id` (`next_ending_id`);

--
-- テーブルのインデックス `receive_result_log`
--
ALTER TABLE `receive_result_log`
  ADD PRIMARY KEY (`id`),
  ADD KEY `reserve_id` (`reserve_id`);

--
-- テーブルのインデックス `reserves`
--
ALTER TABLE `reserves`
  ADD PRIMARY KEY (`id`),
  ADD KEY `survey_id` (`survey_id`),
  ADD KEY `number_list_id` (`number_list_id`);

--
-- テーブルのインデックス `reserves_areas`
--
ALTER TABLE `reserves_areas`
  ADD PRIMARY KEY (`id`),
  ADD KEY `reserve_id` (`reserve_id`),
  ADD KEY `area_id` (`area_id`);

--
-- テーブルのインデックス `send_emails`
--
ALTER TABLE `send_emails`
  ADD PRIMARY KEY (`id`),
  ADD KEY `user_id` (`user_id`);

--
-- テーブルのインデックス `stations`
--
ALTER TABLE `stations`
  ADD PRIMARY KEY (`id`),
  ADD KEY `area_id` (`area_id`);

--
-- テーブルのインデックス `surveys`
--
ALTER TABLE `surveys`
  ADD PRIMARY KEY (`id`),
  ADD KEY `user_id` (`user_id`);

--
-- テーブルのインデックス `users`
--
ALTER TABLE `users`
  ADD PRIMARY KEY (`id`),
  ADD UNIQUE KEY `email` (`email`);

--
-- ダンプしたテーブルの AUTO_INCREMENT
--

--
-- テーブルの AUTO_INCREMENT `answers`
--
ALTER TABLE `answers`
  MODIFY `id` int(11) NOT NULL AUTO_INCREMENT;

--
-- テーブルの AUTO_INCREMENT `areas`
--
ALTER TABLE `areas`
  MODIFY `id` int(11) NOT NULL AUTO_INCREMENT, AUTO_INCREMENT=30;

--
-- テーブルの AUTO_INCREMENT `calls`
--
ALTER TABLE `calls`
  MODIFY `id` int(11) NOT NULL AUTO_INCREMENT;

--
-- テーブルの AUTO_INCREMENT `endings`
--
ALTER TABLE `endings`
  MODIFY `id` int(11) NOT NULL AUTO_INCREMENT, AUTO_INCREMENT=3;

--
-- テーブルの AUTO_INCREMENT `faqs`
--
ALTER TABLE `faqs`
  MODIFY `id` int(11) NOT NULL AUTO_INCREMENT, AUTO_INCREMENT=13;

--
-- テーブルの AUTO_INCREMENT `favorites`
--
ALTER TABLE `favorites`
  MODIFY `id` int(11) NOT NULL AUTO_INCREMENT, AUTO_INCREMENT=6;

--
-- テーブルの AUTO_INCREMENT `favorites_areas`
--
ALTER TABLE `favorites_areas`
  MODIFY `id` int(11) NOT NULL AUTO_INCREMENT, AUTO_INCREMENT=6;

--
-- テーブルの AUTO_INCREMENT `gen_reserve_log`
--
ALTER TABLE `gen_reserve_log`
  MODIFY `id` int(11) NOT NULL AUTO_INCREMENT, AUTO_INCREMENT=3;

--
-- テーブルの AUTO_INCREMENT `numbers`
--
ALTER TABLE `numbers`
  MODIFY `id` int(11) NOT NULL AUTO_INCREMENT;

--
-- テーブルの AUTO_INCREMENT `number_lists`
--
ALTER TABLE `number_lists`
  MODIFY `id` int(11) NOT NULL AUTO_INCREMENT;

--
-- テーブルの AUTO_INCREMENT `options`
--
ALTER TABLE `options`
  MODIFY `id` int(11) NOT NULL AUTO_INCREMENT, AUTO_INCREMENT=34;

--
-- テーブルの AUTO_INCREMENT `receive_result_log`
--
ALTER TABLE `receive_result_log`
  MODIFY `id` int(11) NOT NULL AUTO_INCREMENT;

--
-- テーブルの AUTO_INCREMENT `reserves`
--
ALTER TABLE `reserves`
  MODIFY `id` int(11) NOT NULL AUTO_INCREMENT, AUTO_INCREMENT=9;

--
-- テーブルの AUTO_INCREMENT `reserves_areas`
--
ALTER TABLE `reserves_areas`
  MODIFY `id` int(11) NOT NULL AUTO_INCREMENT, AUTO_INCREMENT=5;

--
-- テーブルの AUTO_INCREMENT `send_emails`
--
ALTER TABLE `send_emails`
  MODIFY `id` int(11) NOT NULL AUTO_INCREMENT, AUTO_INCREMENT=8;

--
-- テーブルの AUTO_INCREMENT `stations`
--
ALTER TABLE `stations`
  MODIFY `id` int(11) NOT NULL AUTO_INCREMENT, AUTO_INCREMENT=943;

--
-- テーブルの AUTO_INCREMENT `surveys`
--
ALTER TABLE `surveys`
  MODIFY `id` int(11) NOT NULL AUTO_INCREMENT, AUTO_INCREMENT=6;

--
-- テーブルの AUTO_INCREMENT `users`
--
ALTER TABLE `users`
  MODIFY `id` int(11) NOT NULL AUTO_INCREMENT, AUTO_INCREMENT=7;

--
-- ダンプしたテーブルの制約
--

--
-- テーブルの制約 `answers`
--
ALTER TABLE `answers`
  ADD CONSTRAINT `answers_ibfk_1` FOREIGN KEY (`call_id`) REFERENCES `calls` (`id`) ON DELETE CASCADE ON UPDATE CASCADE,
  ADD CONSTRAINT `answers_ibfk_2` FOREIGN KEY (`faq_id`) REFERENCES `faqs` (`id`) ON DELETE CASCADE ON UPDATE CASCADE,
  ADD CONSTRAINT `answers_ibfk_3` FOREIGN KEY (`option_id`) REFERENCES `options` (`id`) ON DELETE CASCADE ON UPDATE CASCADE;

--
-- テーブルの制約 `areas`
--
ALTER TABLE `areas`
  ADD CONSTRAINT `areas_ibfk_1` FOREIGN KEY (`survey_id`) REFERENCES `surveys` (`id`) ON DELETE CASCADE ON UPDATE CASCADE;

--
-- テーブルの制約 `calls`
--
ALTER TABLE `calls`
  ADD CONSTRAINT `calls_ibfk_1` FOREIGN KEY (`reserve_id`) REFERENCES `reserves` (`id`) ON DELETE CASCADE ON UPDATE CASCADE;

--
-- テーブルの制約 `endings`
--
ALTER TABLE `endings`
  ADD CONSTRAINT `endings_ibfk_1` FOREIGN KEY (`survey_id`) REFERENCES `surveys` (`id`) ON DELETE CASCADE ON UPDATE CASCADE;

--
-- テーブルの制約 `faqs`
--
ALTER TABLE `faqs`
  ADD CONSTRAINT `faqs_ibfk_1` FOREIGN KEY (`survey_id`) REFERENCES `surveys` (`id`) ON DELETE CASCADE ON UPDATE CASCADE;

--
-- テーブルの制約 `favorites`
--
ALTER TABLE `favorites`
  ADD CONSTRAINT `favorites_ibfk_1` FOREIGN KEY (`survey_id`) REFERENCES `surveys` (`id`) ON DELETE CASCADE ON UPDATE CASCADE,
  ADD CONSTRAINT `favorites_ibfk_2` FOREIGN KEY (`number_list_id`) REFERENCES `number_lists` (`id`) ON DELETE CASCADE ON UPDATE CASCADE;

--
-- テーブルの制約 `favorites_areas`
--
ALTER TABLE `favorites_areas`
  ADD CONSTRAINT `favorites_areas_ibfk_1` FOREIGN KEY (`favorite_id`) REFERENCES `favorites` (`id`) ON DELETE CASCADE ON UPDATE CASCADE,
  ADD CONSTRAINT `favorites_areas_ibfk_2` FOREIGN KEY (`area_id`) REFERENCES `areas` (`id`) ON DELETE CASCADE ON UPDATE CASCADE;

--
-- テーブルの制約 `gen_reserve_log`
--
ALTER TABLE `gen_reserve_log`
  ADD CONSTRAINT `gen_reserve_log_ibfk_1` FOREIGN KEY (`reserve_id`) REFERENCES `reserves` (`id`) ON DELETE CASCADE ON UPDATE CASCADE;

--
-- テーブルの制約 `numbers`
--
ALTER TABLE `numbers`
  ADD CONSTRAINT `numbers_ibfk_1` FOREIGN KEY (`number_list_id`) REFERENCES `number_lists` (`id`) ON DELETE CASCADE ON UPDATE CASCADE;

--
-- テーブルの制約 `number_lists`
--
ALTER TABLE `number_lists`
  ADD CONSTRAINT `number_lists_ibfk_1` FOREIGN KEY (`survey_id`) REFERENCES `surveys` (`id`) ON DELETE CASCADE ON UPDATE CASCADE;

--
-- テーブルの制約 `options`
--
ALTER TABLE `options`
  ADD CONSTRAINT `options_ibfk_1` FOREIGN KEY (`faq_id`) REFERENCES `faqs` (`id`) ON DELETE CASCADE ON UPDATE CASCADE,
  ADD CONSTRAINT `options_ibfk_2` FOREIGN KEY (`next_faq_id`) REFERENCES `faqs` (`id`) ON DELETE CASCADE ON UPDATE CASCADE,
  ADD CONSTRAINT `options_ibfk_3` FOREIGN KEY (`next_ending_id`) REFERENCES `endings` (`id`) ON DELETE CASCADE ON UPDATE CASCADE;

--
-- テーブルの制約 `receive_result_log`
--
ALTER TABLE `receive_result_log`
  ADD CONSTRAINT `receive_result_log_ibfk_1` FOREIGN KEY (`reserve_id`) REFERENCES `reserves` (`id`) ON DELETE CASCADE ON UPDATE CASCADE;

--
-- テーブルの制約 `reserves`
--
ALTER TABLE `reserves`
  ADD CONSTRAINT `reserves_ibfk_1` FOREIGN KEY (`survey_id`) REFERENCES `surveys` (`id`) ON DELETE CASCADE ON UPDATE CASCADE,
  ADD CONSTRAINT `reserves_ibfk_2` FOREIGN KEY (`number_list_id`) REFERENCES `number_lists` (`id`) ON DELETE CASCADE ON UPDATE CASCADE;

--
-- テーブルの制約 `reserves_areas`
--
ALTER TABLE `reserves_areas`
  ADD CONSTRAINT `reserves_areas_ibfk_1` FOREIGN KEY (`reserve_id`) REFERENCES `reserves` (`id`) ON DELETE CASCADE ON UPDATE CASCADE,
  ADD CONSTRAINT `reserves_areas_ibfk_2` FOREIGN KEY (`area_id`) REFERENCES `areas` (`id`) ON DELETE CASCADE ON UPDATE CASCADE;

--
-- テーブルの制約 `send_emails`
--
ALTER TABLE `send_emails`
  ADD CONSTRAINT `send_emails_ibfk_1` FOREIGN KEY (`user_id`) REFERENCES `users` (`id`) ON DELETE CASCADE ON UPDATE CASCADE;

--
-- テーブルの制約 `stations`
--
ALTER TABLE `stations`
  ADD CONSTRAINT `stations_ibfk_1` FOREIGN KEY (`area_id`) REFERENCES `areas` (`id`) ON DELETE CASCADE ON UPDATE CASCADE;

--
-- テーブルの制約 `surveys`
--
ALTER TABLE `surveys`
  ADD CONSTRAINT `surveys_ibfk_1` FOREIGN KEY (`user_id`) REFERENCES `users` (`id`) ON DELETE CASCADE ON UPDATE CASCADE;
COMMIT;

/*!40101 SET CHARACTER_SET_CLIENT=@OLD_CHARACTER_SET_CLIENT */;
/*!40101 SET CHARACTER_SET_RESULTS=@OLD_CHARACTER_SET_RESULTS */;
/*!40101 SET COLLATION_CONNECTION=@OLD_COLLATION_CONNECTION */;
